job_title,job_url,skills_required,skills_from_listing,skills_from_detail,scraped_on,has_skills,skills_count,has_url
Public Speaking & Theatre Coach,https://internshala.com/internship/detail/part-time-public-speaking-theatre-coach-internship-in-multiple-locations-at-utsaah-learning-private-limited1750914763,Public Speaking,,Public Speaking,2025-06-27 21:35:01,True,1,True
CA Articleship,https://internshala.com/internship/detail/ca-articleship-internship-in-delhi-at-vimal-tandon-co1749710338,,,,2025-06-27 21:35:03,False,0,True
Campus Ambassador,https://internshala.com/internship/detail/campus-ambassador-programme-at-billion-hearts1750314817,,,,2025-06-27 21:35:05,False,0,True
Digital Marketing,https://internshala.com/internship/detail/digital-marketing-internship-in-navi-mumbai-at-yours-faithfully-advisors-llp1750842293,,,,2025-06-27 21:35:08,False,0,True
Video Editor & Photographer (Female),https://internshala.com/internship/detail/part-time-video-editor-photographer-female-internship-in-multiple-locations-at-astha-sharma1748331987,,,,2025-06-27 21:35:10,False,0,True
Business Development (Sales) (Male),https://internshala.com/internship/detail/business-development-sales-male-internship-in-multiple-locations-at-tyresnmorecom1750846372,MS-Excel Negotiation Problem Solving,,MS-Excel Negotiation Problem Solving,2025-06-27 21:35:11,True,1,True
Inside Sales,https://internshala.com/internship/detail/inside-sales-internship-in-hyderabad-at-fosterate1749725152,Effective Communication,,Effective Communication,2025-06-27 21:35:12,True,1,True
Graphic Design,https://internshala.com/internship/detail/graphic-design-internship-in-lucknow-at-zframes-media1749040162,,,,2025-06-27 21:35:14,False,0,True
Inside Sales,https://internshala.com/internship/detail/inside-sales-internship-in-pune-at-lime-learn-eduserv-private-limited1750756729,,,,2025-06-27 21:35:16,False,0,True
Digital Marketing,https://internshala.com/internship/detail/digital-marketing-internship-in-rajkot-at-72cubes1750652589,,,,2025-06-27 21:35:19,False,0,True
HRBP,https://internshala.com/internship/detail/hrbp-internship-in-jaipur-at-freecharge-payments-technology-private-limited1751026784,Effective Communication,,Effective Communication,2025-06-27 21:35:20,True,1,True
Video Editing/Making,https://internshala.com/internship/detail/video-editing-making-internship-in-multiple-locations-at-603-the-coworking-space-india1750880937,,,,2025-06-27 21:35:23,False,0,True
Recruitment,https://internshala.com/internship/detail/recruitment-internship-in-multiple-locations-at-bsa-corporation-ltd1751027296,,,,2025-06-27 21:35:25,False,0,True
Environmental Sciences,https://internshala.com/internship/detail/environmental-sciences-internship-in-mumbai-at-wwf-india1751001410,,,,2025-06-27 21:35:27,False,0,True
Sales and Marketing,https://internshala.com/internship/detail/sales-and-marketing-internship-in-lucknow-at-shriram-life-insurance-company-limited1751008344,Financial planning,,Financial planning,2025-06-27 21:35:28,True,1,True
Business Development (Sales),https://internshala.com/internship/detail/business-development-sales-internship-in-gurgaon-at-byld-group1750999855,,,,2025-06-27 21:35:30,False,0,True
Marketing,https://internshala.com/internship/detail/marketing-internship-in-mumbai-at-times-internet1750941954,English Proficiency (Spoken),,English Proficiency (Spoken),2025-06-27 21:35:32,True,1,True
Content and Social Media Marketing,https://internshala.com/internship/detail/content-and-social-media-marketing-internship-in-mumbai-at-lakme-lever-private-limited1750940283,,,,2025-06-27 21:35:34,False,0,True
Business Research,https://internshala.com/internship/detail/business-research-internship-in-noida-at-brandwagon-the-financial-express1750934825,Business Research Data Analysis Lead Generation,,Business Research Data Analysis Lead Generation,2025-06-27 21:35:35,True,1,True
Human Resources (HR),https://internshala.com/internship/detail/human-resources-hr-internship-in-mumbai-at-godrej-infotech1750934693,Effective Communication MS-Office,,Effective Communication MS-Office,2025-06-27 21:35:37,True,1,True
Video Editing/Making,https://internshala.com/internship/detail/video-editing-making-internship-in-chennai-at-amnet-systems-private-limited1750934097,Video Editing Video Making,,Video Editing Video Making,2025-06-27 21:35:39,True,1,True
Business Research,https://internshala.com/internship/detail/business-research-internship-in-noida-at-financial-express-indian-express-group1750923966,,,,2025-06-27 21:35:41,False,0,True
Business Development (Sales),https://internshala.com/internship/detail/business-development-sales-internship-in-multiple-locations-at-urban-company1750918606,MS-Excel,,MS-Excel,2025-06-27 21:35:43,True,1,True
Financial Stock Market Research,https://internshala.com/internship/detail/work-from-home-financial-stock-market-research-internship-at-focus-wise-solution1750922069,,,,2025-06-27 21:35:45,False,0,True
Video Production,https://internshala.com/internship/detail/video-production-internship-in-bangalore-at-nobroker1750920136,,,,2025-06-27 21:35:46,False,0,True
Search Engine Optimization (SEO),https://internshala.com/internship/detail/search-engine-optimization-seo-internship-in-bangalore-at-nobroker1750915586,,,,2025-06-27 21:35:48,False,0,True
Sales and Marketing,https://internshala.com/internship/detail/sales-and-marketing-internship-in-multiple-locations-at-wheebox1750834664,B2B Sales,,B2B Sales,2025-06-27 21:35:49,True,1,True
Graphic Design,https://internshala.com/internship/detail/graphic-design-internship-in-ahmedabad-at-petpooja1750841681,Adobe Illustrator Adobe Photoshop,,Adobe Illustrator Adobe Photoshop,2025-06-27 21:35:51,True,1,True
Business Development (Sales),https://internshala.com/internship/detail/part-time-business-development-sales-internship-in-lucknow-at-shriram-life-insurance-company-limited1750839387,English Proficiency (Written) Finance Marketing,,English Proficiency (Written) Finance Marketing,2025-06-27 21:35:53,True,1,True
Sales Consultant,https://internshala.com/internship/detail/sales-consultant-internship-in-multiple-locations-at-aditya-birla-fashion-retail-limited-abfrl1750839125,Sales,,Sales,2025-06-27 21:35:55,True,1,True
Stock Market Learning & Outreach,https://internshala.com/internship/detail/work-from-home-stock-market-learning-outreach-internship-at-focus-wise-solution1750829610,,,,2025-06-27 21:35:57,False,0,True
Recruitment,https://internshala.com/internship/detail/recruitment-internship-in-mumbai-at-kotak-mahindra-bank-limited1750829228,MS-Excel MS-Office Recruitment,,MS-Excel MS-Office Recruitment,2025-06-27 21:35:59,True,1,True
Visual Design,https://internshala.com/internship/detail/visual-design-internship-in-bangalore-at-more-retail-private-limited1750771370,Adobe Illustrator Adobe Photoshop Figma,,Adobe Illustrator Adobe Photoshop Figma,2025-06-27 21:36:01,True,1,True
Human Resources (HR),https://internshala.com/internship/detail/work-from-home-human-resources-hr-internship-at-focus-wise-solution1750767978,,,,2025-06-27 21:36:02,False,0,True
Mobile App Development,https://internshala.com/internship/detail/mobile-app-development-internship-in-mumbai-at-thomas-cook1750767748,Dart Figma Flutter JSON REST API,,Dart Figma Flutter JSON REST API,2025-06-27 21:36:04,True,1,True
Finance & Accounting,https://internshala.com/internship/detail/finance-accounting-internship-in-multiple-locations-at-thomas-cook1750759907,Accounting Financial Reporting,,Accounting Financial Reporting,2025-06-27 21:36:06,True,1,True
Sampling,https://internshala.com/internship/detail/sampling-internship-in-mumbai-at-navneet-education-limited1750752010,,,,2025-06-27 21:36:08,False,0,True
Business Development (Sales),https://internshala.com/internship/detail/business-development-sales-internship-in-mumbai-at-urban-company1750751324,,,,2025-06-27 21:36:09,False,0,True
Graphics Designer,https://internshala.com/internship/detail/graphics-designer-internship-in-bangalore-at-sri-sri-tattva1750750226,,,,2025-06-27 21:36:11,False,0,True
Content and Social Media Marketing,https://internshala.com/internship/detail/content-and-social-media-marketing-internship-in-mumbai-at-manasi-shinde1750747530,Social Media Marketing,,Social Media Marketing,2025-06-27 21:36:13,True,1,True
Graphic Design,https://internshala.com/internship/detail/graphic-design-internship-in-mumbai-at-shemaroo-entertainment-limited1750744818,,,,2025-06-27 21:36:15,False,0,True
Google My Business (GMB),https://internshala.com/internship/detail/google-my-business-gmb-internship-in-multiple-locations-at-abhinav-tirkey1750741649,,,,2025-06-27 21:36:17,False,0,True
Digital Marketing,https://internshala.com/internship/detail/digital-marketing-internship-in-gurgaon-at-gr-brand1750680145,,,,2025-06-27 21:36:19,False,0,True
Human Resources (HR) Manager,https://internshala.com/internship/detail/human-resources-hr-manager-internship-in-chennai-at-protium1750683541,MS-Office,,MS-Office,2025-06-27 21:36:21,True,1,True
Marketing and Sales,https://internshala.com/internship/detail/marketing-and-sales-internship-in-multiple-locations-at-reliance-nippon-life-insurance1750677677,,,,2025-06-27 21:36:23,False,0,True
Human Resources (HR),https://internshala.com/internship/detail/human-resources-hr-internship-in-gurgaon-at-collegedekhocom1750667103,,,,2025-06-27 21:36:25,False,0,True
Logistics And Operations,https://internshala.com/internship/detail/logistics-and-operations-internship-in-mumbai-at-indian-gifts-portal1750672513,Logistics Management MS-Excel Operations,,Logistics Management MS-Excel Operations,2025-06-27 21:36:27,True,1,True
Sales and Marketing Manager,https://internshala.com/internship/detail/sales-and-marketing-manager-internship-in-multiple-locations-at-imarticus-learning1750662446,,,,2025-06-27 21:36:29,False,0,True
Content Writing,https://internshala.com/internship/detail/work-from-home-content-writing-internship-at-marpu-foundation1750573008,,,,2025-06-27 21:36:30,False,0,True
Business Development (Sales),https://internshala.com/internship/detail/business-development-sales-internship-in-mumbai-at-fern-hotels-resorts1750417395,,,,2025-06-27 21:36:32,False,0,True
UI/UX Design,https://internshala.com/internship/detail/ui-ux-design-internship-in-multiple-locations-at-thomas-cook1750406572,UI  UX Design Wireframing,,UI  UX Design Wireframing,2025-06-27 21:36:38,True,1,True
Sales and Marketing,https://internshala.com/internship/detail/sales-and-marketing-internship-in-multiple-locations-at-reliance-nippon-life-insurance1750395650,Effective Communication Lead Generation,,Effective Communication Lead Generation,2025-06-27 21:36:40,True,1,True
Video Editing/Making,https://internshala.com/internship/detail/video-editing-making-internship-in-bangalore-at-letstransport1750337901,Animation Canva Video Editing Video Making,,Animation Canva Video Editing Video Making,2025-06-27 21:36:41,True,1,True
Chartered Accountancy (CA),https://internshala.com/internship/detail/chartered-accountancy-ca-internship-in-multiple-locations-at-jm-financial1750334417,,,,2025-06-27 21:36:43,False,0,True
Operations,https://internshala.com/internship/detail/operations-internship-in-noida-at-decathlon-sport-india-private-limited1750318343,MS-Excel MS-Office MS-Word,,MS-Excel MS-Office MS-Word,2025-06-27 21:36:45,True,1,True
Motion Graphics,https://internshala.com/internship/detail/motion-graphics-internship-in-bangalore-at-more-retail-private-limited1750245760,Motion Graphics,,Motion Graphics,2025-06-27 21:36:47,True,1,True
Content Writing,https://internshala.com/internship/detail/content-writing-internship-in-bangalore-at-nobroker1750244720,,,,2025-06-27 21:36:48,False,0,True
Marketing Automation Executive,https://internshala.com/internship/detail/marketing-automation-executive-internship-in-multiple-locations-at-thomas-cook1750235498,,,,2025-06-27 21:36:50,False,0,True
Content and Social Media Marketing,https://internshala.com/internship/detail/part-time-content-and-social-media-marketing-internship-in-kanpur-at-puja-gupta1750233800,Social Media Marketing,,Social Media Marketing,2025-06-27 21:36:53,True,1,True
Computational Physics/Chemistry/Materials Science,https://internshala.com/internship/detail/part-time-computational-physics-chemistry-materials-science-internship-in-mumbai-at-bhabha-atomic-research-centre-barc1750227368,Chemistry Physics,,Chemistry Physics,2025-06-27 21:36:54,True,1,True
Law/Legal,https://internshala.com/internship/detail/law-legal-internship-in-bangalore-at-moveinsync-technology-solutions-private-limited1750164934,,,,2025-06-27 21:36:56,False,0,True
Law/Legal,https://internshala.com/internship/detail/law-legal-internship-in-mumbai-at-europ-assistance1750055659,,,,2025-06-27 21:36:58,False,0,True
Front End Development,https://internshala.com/internship/detail/front-end-development-internship-in-delhi-at-ghar-pe-shiksha1750161842,,,,2025-06-27 21:37:00,False,0,True
Digital Media Intern For Video Production,https://internshala.com/internship/detail/digital-media-intern-for-video-production-internship-in-bangalore-at-aster-dm-healthcare1750159805,,,,2025-06-27 21:37:02,False,0,True
Business Development (Sales),https://internshala.com/internship/detail/business-development-sales-internship-in-multiple-locations-at-confederation-of-indian-industry-cii1750140325,,,,2025-06-27 21:37:05,False,0,True
Sales Apprentice,https://internshala.com/internship/detail/sales-apprentice-internship-in-mumbai-at-halma1750150377,Effective Communication,,Effective Communication,2025-06-27 21:37:08,True,1,True
Law/Legal,https://internshala.com/internship/detail/work-from-home-part-time-law-legal-internship-at-s-singh1750144333,,,,2025-06-27 21:37:09,False,0,True
Product Design,https://internshala.com/internship/detail/product-design-internship-in-bangalore-at-scaler1750143353,Figma UI  UX Design Visual Design,,Figma UI  UX Design Visual Design,2025-06-27 21:37:11,True,1,True
B2B Business Development,https://internshala.com/internship/detail/b2b-business-development-internship-in-bangalore-at-scaler1750142653,B2B Sales Effective Communication Sales,,B2B Sales Effective Communication Sales,2025-06-27 21:37:13,True,1,True
Creative Design,https://internshala.com/internship/detail/creative-design-internship-in-mumbai-at-waaree-energies-limited1749811663,,,,2025-06-27 21:37:15,False,0,True
Digital Ad Sales,https://internshala.com/internship/detail/digital-ad-sales-internship-in-noida-at-times-internet1749814936,Effective Communication MS-Excel,,Effective Communication MS-Excel,2025-06-27 21:37:17,True,1,True
Hotel Management(Chef),https://internshala.com/internship/detail/hotel-managementchef-internship-in-mumbai-at-theobroma-foods-private-limited1749735667,Culinary Arts,,Culinary Arts,2025-06-27 21:37:19,True,1,True
Company Secretary (CS),https://internshala.com/internship/detail/part-time-company-secretary-cs-internship-in-bangalore-at-motherhood-hospital1749643827,Financial Reporting GST,,Financial Reporting GST,2025-06-27 21:37:21,True,1,True
Business Development (Sales),https://internshala.com/internship/detail/business-development-sales-internship-in-thane-at-ilux-electricals1749643234,,,,2025-06-27 21:37:23,False,0,True
Legal Research,https://internshala.com/internship/detail/legal-research-internship-in-gurgaon-at-collegedekhocom1749637987,,,,2025-06-27 21:37:25,False,0,True
Inside Sales,https://internshala.com/internship/detail/inside-sales-internship-in-bangalore-at-unacademy-sorting-hat-technologies-private-limited1749628887,Private Limited),Private Limited),,2025-06-27 21:37:28,True,1,True
Sales,https://internshala.com/internship/detail/sales-internship-in-mumbai-at-halma1749624507,,,,2025-06-27 21:37:30,False,0,True
Human Resources (HR),https://internshala.com/internship/detail/human-resources-hr-internship-in-mumbai-at-audi-mumbai-west1749557581,,,,2025-06-27 21:37:32,False,0,True
Video Editing/Making,https://internshala.com/internship/detail/video-editing-making-internship-in-bangalore-at-zeta-india1749541693,,,,2025-06-27 21:37:34,False,0,True
Finance,https://internshala.com/internship/detail/finance-internship-in-gurgaon-at-ireed-academy-india-private-limited1749537609,,,,2025-06-27 21:37:36,False,0,True
Compute Platform Engineer,https://internshala.com/internship/detail/work-from-home-compute-platform-engineer-internship-at-corteva-agriscience1749479642,,,,2025-06-27 21:37:38,False,0,True
Corporate Booking Executive,https://internshala.com/internship/detail/corporate-booking-executive-oncall-internship-in-mumbai-at-mahindra-logistics-limited1749476423,Analytics Time Management,,Analytics Time Management,2025-06-27 21:37:40,True,1,True
HR Information Systems,https://internshala.com/internship/detail/hris-intern-internship-in-mumbai-at-mahindra-logistics-limited1749475853,Analytics Team Management VLOOKUP,,Analytics Team Management VLOOKUP,2025-06-27 21:37:43,True,1,True
Operations Executive - B2C,https://internshala.com/internship/detail/operations-executive-b2c-internship-in-mumbai-at-mahindra-logistics-limited1749475428,,,,2025-06-27 21:37:45,False,0,True
Operations Executive - Central Initiatives,https://internshala.com/internship/detail/operations-executive-central-initiatives-internship-in-mumbai-at-mahindra-logistics-limited1749474429,Analytics Stakeholder Management,,Analytics Stakeholder Management,2025-06-27 21:37:46,True,1,True
Sales and Marketing,https://internshala.com/internship/detail/work-from-home-part-time-sales-and-marketing-internship-at-cook-n-klean1749470335,,,,2025-06-27 21:37:48,False,0,True
Inside Sales,https://internshala.com/internship/detail/inside-sales-internship-in-bangalore-at-unacademy-sorting-hat-technologies-private-limited1749466282,Private Limited),Private Limited),,2025-06-27 21:37:50,True,1,True
Sales,https://internshala.com/internship/detail/sales-internship-in-multiple-locations-at-aditya-birla-fashion-retail-limited-abfrl1749455195,Sales,,Sales,2025-06-27 21:37:52,True,1,True
Corporate Sales,https://internshala.com/internship/detail/corporate-sales-internship-in-bangalore-at-reckitt1749450152,,,,2025-06-27 21:37:53,False,0,True
Mechanical Engineering,https://internshala.com/internship/detail/mechanical-engineering-internship-in-mumbai-at-theobroma-foods-private-limited1749212973,Maintenance,,Maintenance,2025-06-27 21:37:55,True,1,True
